<?xml version="1.0" encoding="utf-8"?>
<annotation>
<folder>images</folder>
<filename>870a6188-cd_09</filename>
<source>
<database>MyDatabase</database>
<annotation>COCO2017</annotation>
<image>flickr</image>
<flickrid>NULL</flickrid>
<annotator>1</annotator>
</source>
<owner>
<flickrid>NULL</flickrid>
<name>Label Studio</name>
</owner>
<size>
<width>300</width>
<height>225</height>
<depth>3</depth>
</size>
<segmented>0</segmented>
<object>
<name>Insect</name>
<pose>Unspecified</pose>
<truncated>0</truncated>
<difficult>0</difficult>
<bndbox>
<xmin>232</xmin>
<ymin>173</ymin>
<xmax>269</xmax>
<ymax>206</ymax>
</bndbox>
</object>
<object>
<name>Insect</name>
<pose>Unspecified</pose>
<truncated>0</truncated>
<difficult>0</difficult>
<bndbox>
<xmin>152</xmin>
<ymin>76</ymin>
<xmax>188</xmax>
<ymax>103</ymax>
</bndbox>
</object>
<object>
<name>Owl</name>
<pose>Unspecified</pose>
<truncated>0</truncated>
<difficult>0</difficult>
<bndbox>
<xmin>168</xmin>
<ymin>160</ymin>
<xmax>189</xmax>
<ymax>201</ymax>
</bndbox>
</object>
<object>
<name>Owl</name>
<pose>Unspecified</pose>
<truncated>0</truncated>
<difficult>0</difficult>
<bndbox>
<xmin>87</xmin>
<ymin>175</ymin>
<xmax>116</xmax>
<ymax>213</ymax>
</bndbox>
</object>
<object>
<name>Owl</name>
<pose>Unspecified</pose>
<truncated>0</truncated>
<difficult>0</difficult>
<bndbox>
<xmin>43</xmin>
<ymin>68</ymin>
<xmax>79</xmax>
<ymax>94</ymax>
</bndbox>
</object>
<object>
<name>Owl</name>
<pose>Unspecified</pose>
<truncated>0</truncated>
<difficult>0</difficult>
<bndbox>
<xmin>214</xmin>
<ymin>100</ymin>
<xmax>244</xmax>
<ymax>128</ymax>
</bndbox>
</object>
<object>
<name>Moon</name>
<pose>Unspecified</pose>
<truncated>0</truncated>
<difficult>0</difficult>
<bndbox>
<xmin>204</xmin>
<ymin>146</ymin>
<xmax>232</xmax>
<ymax>171</ymax>
</bndbox>
</object>
<object>
<name>Moon</name>
<pose>Unspecified</pose>
<truncated>0</truncated>
<difficult>0</difficult>
<bndbox>
<xmin>133</xmin>
<ymin>156</ymin>
<xmax>163</xmax>
<ymax>183</ymax>
</bndbox>
</object>
<object>
<name>Grey_star</name>
<pose>Unspecified</pose>
<truncated>0</truncated>
<difficult>0</difficult>
<bndbox>
<xmin>79</xmin>
<ymin>84</ymin>
<xmax>103</xmax>
<ymax>106</ymax>
</bndbox>
</object>
<object>
<name>Grey_star</name>
<pose>Unspecified</pose>
<truncated>0</truncated>
<difficult>0</difficult>
<bndbox>
<xmin>187</xmin>
<ymin>22</ymin>
<xmax>210</xmax>
<ymax>49</ymax>
</bndbox>
</object>
<object>
<name>Unicorn_whole</name>
<pose>Unspecified</pose>
<truncated>0</truncated>
<difficult>0</difficult>
<bndbox>
<xmin>96</xmin>
<ymin>104</ymin>
<xmax>127</xmax>
<ymax>156</ymax>
</bndbox>
</object>
<object>
<name>Unicorn_whole</name>
<pose>Unspecified</pose>
<truncated>0</truncated>
<difficult>0</difficult>
<bndbox>
<xmin>117</xmin>
<ymin>62</ymin>
<xmax>150</xmax>
<ymax>107</ymax>
</bndbox>
</object>
<object>
<name>Unicorn_whole</name>
<pose>Unspecified</pose>
<truncated>0</truncated>
<difficult>0</difficult>
<bndbox>
<xmin>229</xmin>
<ymin>55</ymin>
<xmax>266</xmax>
<ymax>100</ymax>
</bndbox>
</object>
<object>
<name>Unicorn_head</name>
<pose>Unspecified</pose>
<truncated>0</truncated>
<difficult>0</difficult>
<bndbox>
<xmin>166</xmin>
<ymin>117</ymin>
<xmax>199</xmax>
<ymax>147</ymax>
</bndbox>
</object>
<object>
<name>Unicorn_head</name>
<pose>Unspecified</pose>
<truncated>0</truncated>
<difficult>0</difficult>
<bndbox>
<xmin>41</xmin>
<ymin>116</ymin>
<xmax>71</xmax>
<ymax>157</ymax>
</bndbox>
</object>
<object>
<name>Black_star</name>
<pose>Unspecified</pose>
<truncated>0</truncated>
<difficult>0</difficult>
<bndbox>
<xmin>160</xmin>
<ymin>47</ymin>
<xmax>181</xmax>
<ymax>71</ymax>
</bndbox>
</object>
<object>
<name>Black_star</name>
<pose>Unspecified</pose>
<truncated>0</truncated>
<difficult>0</difficult>
<bndbox>
<xmin>194</xmin>
<ymin>59</ymin>
<xmax>215</xmax>
<ymax>79</ymax>
</bndbox>
</object>
<object>
<name>Cat</name>
<pose>Unspecified</pose>
<truncated>0</truncated>
<difficult>0</difficult>
<bndbox>
<xmin>91</xmin>
<ymin>36</ymin>
<xmax>115</xmax>
<ymax>68</ymax>
</bndbox>
</object>
<object>
<name>Cat</name>
<pose>Unspecified</pose>
<truncated>0</truncated>
<difficult>0</difficult>
<bndbox>
<xmin>124</xmin>
<ymin>4</ymin>
<xmax>158</xmax>
<ymax>24</ymax>
</bndbox>
</object>
</annotation>
