<?xml version="1.0" encoding="utf-8"?>
<annotation>
<folder>images</folder>
<filename>cb8cbd98-cd_24</filename>
<source>
<database>MyDatabase</database>
<annotation>COCO2017</annotation>
<image>flickr</image>
<flickrid>NULL</flickrid>
<annotator>1</annotator>
</source>
<owner>
<flickrid>NULL</flickrid>
<name>Label Studio</name>
</owner>
<size>
<width>300</width>
<height>225</height>
<depth>3</depth>
</size>
<segmented>0</segmented>
<object>
<name>Insect</name>
<pose>Unspecified</pose>
<truncated>0</truncated>
<difficult>0</difficult>
<bndbox>
<xmin>27</xmin>
<ymin>17</ymin>
<xmax>66</xmax>
<ymax>53</ymax>
</bndbox>
</object>
<object>
<name>Insect</name>
<pose>Unspecified</pose>
<truncated>0</truncated>
<difficult>0</difficult>
<bndbox>
<xmin>190</xmin>
<ymin>10</ymin>
<xmax>230</xmax>
<ymax>45</ymax>
</bndbox>
</object>
<object>
<name>Insect</name>
<pose>Unspecified</pose>
<truncated>0</truncated>
<difficult>0</difficult>
<bndbox>
<xmin>109</xmin>
<ymin>88</ymin>
<xmax>137</xmax>
<ymax>128</ymax>
</bndbox>
</object>
<object>
<name>Grey_star</name>
<pose>Unspecified</pose>
<truncated>0</truncated>
<difficult>0</difficult>
<bndbox>
<xmin>74</xmin>
<ymin>152</ymin>
<xmax>100</xmax>
<ymax>179</ymax>
</bndbox>
</object>
<object>
<name>Grey_star</name>
<pose>Unspecified</pose>
<truncated>0</truncated>
<difficult>0</difficult>
<bndbox>
<xmin>157</xmin>
<ymin>173</ymin>
<xmax>186</xmax>
<ymax>201</ymax>
</bndbox>
</object>
<object>
<name>Grey_star</name>
<pose>Unspecified</pose>
<truncated>0</truncated>
<difficult>0</difficult>
<bndbox>
<xmin>146</xmin>
<ymin>123</ymin>
<xmax>171</xmax>
<ymax>149</ymax>
</bndbox>
</object>
<object>
<name>Grey_star</name>
<pose>Unspecified</pose>
<truncated>0</truncated>
<difficult>0</difficult>
<bndbox>
<xmin>180</xmin>
<ymin>89</ymin>
<xmax>203</xmax>
<ymax>114</ymax>
</bndbox>
</object>
<object>
<name>Grey_star</name>
<pose>Unspecified</pose>
<truncated>0</truncated>
<difficult>0</difficult>
<bndbox>
<xmin>243</xmin>
<ymin>26</ymin>
<xmax>267</xmax>
<ymax>51</ymax>
</bndbox>
</object>
<object>
<name>Unicorn_whole</name>
<pose>Unspecified</pose>
<truncated>0</truncated>
<difficult>0</difficult>
<bndbox>
<xmin>264</xmin>
<ymin>100</ymin>
<xmax>294</xmax>
<ymax>162</ymax>
</bndbox>
</object>
<object>
<name>Cat</name>
<pose>Unspecified</pose>
<truncated>0</truncated>
<difficult>0</difficult>
<bndbox>
<xmin>56</xmin>
<ymin>85</ymin>
<xmax>84</xmax>
<ymax>120</ymax>
</bndbox>
</object>
<object>
<name>Black_star</name>
<pose>Unspecified</pose>
<truncated>0</truncated>
<difficult>0</difficult>
<bndbox>
<xmin>78</xmin>
<ymin>48</ymin>
<xmax>102</xmax>
<ymax>74</ymax>
</bndbox>
</object>
<object>
<name>Black_star</name>
<pose>Unspecified</pose>
<truncated>0</truncated>
<difficult>0</difficult>
<bndbox>
<xmin>216</xmin>
<ymin>57</ymin>
<xmax>243</xmax>
<ymax>83</ymax>
</bndbox>
</object>
<object>
<name>Owl</name>
<pose>Unspecified</pose>
<truncated>0</truncated>
<difficult>0</difficult>
<bndbox>
<xmin>118</xmin>
<ymin>29</ymin>
<xmax>141</xmax>
<ymax>70</ymax>
</bndbox>
</object>
<object>
<name>Unicorn_head</name>
<pose>Unspecified</pose>
<truncated>0</truncated>
<difficult>0</difficult>
<bndbox>
<xmin>144</xmin>
<ymin>53</ymin>
<xmax>183</xmax>
<ymax>85</ymax>
</bndbox>
</object>
<object>
<name>Unicorn_head</name>
<pose>Unspecified</pose>
<truncated>0</truncated>
<difficult>0</difficult>
<bndbox>
<xmin>210</xmin>
<ymin>129</ymin>
<xmax>244</xmax>
<ymax>170</ymax>
</bndbox>
</object>
<object>
<name>Unicorn_head</name>
<pose>Unspecified</pose>
<truncated>0</truncated>
<difficult>0</difficult>
<bndbox>
<xmin>26</xmin>
<ymin>147</ymin>
<xmax>66</xmax>
<ymax>181</ymax>
</bndbox>
</object>
</annotation>
